Customer_ID,Age,Gender,City,Education,Employment_Status,Experience_Years,Annual_Income,Monthly_Spending,Satisfaction_Score,Online_Hours_Per_Week,Purchased
C0071,57.0,Male,Lahore,Master,Unemployed,16.0,1115000.0,23500.0,5.0,15.3,No
C0282,56.0,Female,Islamabad,Bachelor,Employed,3.0,655000.0,32300.0,7.0,6.8,No
C0284,57.0,Female,Peshawar,Master,Employed,13.0,983000.0,54800.0,7.0,15.1,Yes
C0034,44.0,Female,Karachi,PhD,Employed,22.0,839000.0,29200.0,9.0,8.3,Yes
C0043,20.0,Female,Islamabad,Bachelor,Employed,,979000.0,49300.0,5.0,7.0,No
C0078,35.0,Male,Karachi,Bachelor,Unemployed,14.0,1195000.0,16400.0,7.0,15.7,No
C0138,61.0,Female,Karachi,Bachelor,Employed,22.0,721000.0,28200.0,4.0,28.6,Yes
C0393,66.0,Female,Karachi,PhD,Employed,5.0,1643000.0,48400.0,,4.0,No
C0302,18.0,Other,Karachi,Bachelor,Self-employed,27.0,878000.0,11500.0,6.0,13.6,Yes
C0350,20.0,Male,Lahore,Master,Unemployed,14.0,852000.0,49700.0,7.0,19.3,No
C0365,44.0,Male,Multan,Master,Student,12.0,,44100.0,9.0,19.8,No
C0079,43.0,Female,Multan,Master,Self-employed,17.0,884000.0,35900.0,3.0,14.2,Yes
C0283,35.0,Female,Lahore,Bachelor,Self-employed,28.0,901000.0,25300.0,1.0,27.4,No
C0386,70.0,Male,Peshawar,Bachelor,Employed,4.0,764000.0,29200.0,6.0,10.7,Yes
C0156,32.0,Male,Karachi,High School,Employed,11.0,647000.0,18900.0,8.0,24.4,Yes
C0281,57.0,Female,Islamabad,High School,Employed,6.0,783000.0,46200.0,10.0,33.5,Yes
C0178,49.0,Female,Multan,Master,Employed,23.0,719000.0,32100.0,2.0,14.3,Yes
C0230,54.0,Male,Peshawar,Bachelor,Student,21.0,1359000.0,33900.0,6.0,8.0,No
C0010,40.0,Female,Karachi,Bachelor,Employed,10.0,789000.0,53900.0,6.0,34.9,Yes
C0196,42.0,Female,Multan,Bachelor,Student,14.0,530000.0,58200.0,9.0,9.5,Yes
C0056,43.0,Female,Islamabad,High School,Self-employed,18.0,1467000.0,21800.0,4.0,26.8,Yes
C0399,69.0,Male,Islamabad,Bachelor,Self-employed,17.0,942000.0,45500.0,3.0,19.0,Yes
C0376,36.0,Female,Lahore,Master,Employed,18.0,664000.0,,9.0,23.7,Yes
C0232,34.0,Other,Multan,PhD,Employed,25.0,908000.0,37300.0,9.0,39.5,No
C0279,58.0,Female,Lahore,High School,Self-employed,16.0,811000.0,29600.0,6.0,17.6,Yes
C0357,39.0,Male,Multan,PhD,Employed,15.0,1018000.0,44800.0,5.0,15.8,Yes
C0085,48.0,Male,Islamabad,Master,Employed,13.0,716000.0,62000.0,8.0,20.9,No
C0210,54.0,Female,Islamabad,High School,Employed,3.0,1053000.0,59900.0,6.0,23.5,Yes
C0173,32.0,Other,Peshawar,Master,Unemployed,17.0,689000.0,46100.0,8.0,12.7,Yes
C0016,57.0,Male,Lahore,Bachelor,Employed,7.0,609000.0,,8.0,23.0,No
C0133,,Male,Peshawar,Master,Student,23.0,1335000.0,25700.0,9.0,14.8,Yes
C0095,35.0,Female,Multan,High School,Student,20.0,563000.0,40900.0,6.0,28.7,No
C0001,56.0,Male,Karachi,Bachelor,Employed,28.0,1348000.0,39000.0,3.0,8.0,No
C0125,58.0,Male,Peshawar,Master,Employed,19.0,550000.0,5000.0,4.0,26.9,No
C0250,21.0,Male,Multan,Bachelor,Employed,23.0,885000.0,41900.0,4.0,10.0,Yes
C0374,22.0,Female,Peshawar,Bachelor,Employed,26.0,687000.0,41300.0,3.0,9.9,Yes
C0057,70.0,Male,Lahore,High School,Employed,27.0,856000.0,32600.0,8.0,11.5,No
C0311,36.0,Female,Peshawar,High School,Self-employed,11.0,492000.0,13200.0,2.0,23.9,No
C0083,53.0,Male,Peshawar,Master,Employed,29.0,1412000.0,5000.0,3.0,27.3,Yes
C0323,53.0,Female,Lahore,High School,Unemployed,22.0,1241000.0,45200.0,1.0,8.6,No
C0266,,Female,Karachi,Master,Self-employed,20.0,1003000.0,40300.0,10.0,23.5,Yes
C0353,65.0,Female,Karachi,Bachelor,Employed,10.0,823000.0,22500.0,1.0,23.1,Yes
C0141,44.0,Male,Peshawar,Bachelor,Employed,11.0,579000.0,13300.0,6.0,10.2,No
C0115,28.0,Female,Islamabad,Bachelor,Employed,8.0,901000.0,27900.0,,23.5,Yes
C0102,58.0,Female,Multan,Master,Employed,12.0,10000000.0,37300.0,2.0,32.0,Yes
C0308,26.0,Female,Karachi,Bachelor,Student,21.0,,48800.0,10.0,14.4,Yes
C0026,19.0,Male,Lahor,Master,Student,11.0,1005000.0,32700.0,1.0,19.7,No
C0367,,Female,Multan,Master,Employed,16.0,492000.0,43000.0,9.0,17.5,No
C0174,60.0,Other,Peshawar,Master,Self-employed,30.0,823000.0,27300.0,2.0,12.4,No
C0127,24.0,Male,Lahore,PhD,Employed,19.0,1102000.0,56300.0,9.0,7.5,Yes
C0146,150.0,Male,Multan,Master,Employed,12.0,910000.0,32800.0,6.0,22.3,No
C0023,61.0,Male,Islamabad,High School,Employed,12.0,1071000.0,43300.0,2.0,19.2,Yes
C0117,34.0,Male,Islamabad,High School,Self-employed,7.0,548000.0,38900.0,9.0,17.5,No
C0047,38.0,Other,Lahore,Master,Unemployed,25.0,602000.0,25400.0,1.0,27.2,No
C0392,46.0,Male,Lahore,High School,Employed,3.0,818000.0,29600.0,1.0,34.6,Yes
C0341,50.0,Male,Karachi,High School,Unemployed,16.0,480000.0,52900.0,1.0,17.6,Yes
C0074,23.0,Female,Lahore,Bachelor,Self-employed,7.0,1808000.0,32100.0,4.0,18.5,No
C0073,19.0,Female,Islamabad,Master,Employed,7.0,796000.0,47400.0,10.0,13.7,Yes
C0040,68.0,Male,Multan,Bachelor,Employed,2.0,1195000.0,,9.0,12.5,Yes
C0267,46.0,Female,Islamabad,Master,Employed,21.0,376000.0,30300.0,10.0,16.9,Yes
C0058,19.0,Male,Karachi,Bachelor,Employed,18.0,632000.0,23800.0,2.0,13.1,No
C0169,54.0,Female,Lahore,Master,Student,20.0,1182000.0,26800.0,1.0,20.7,Yes
C0031,61.0,Male,Lahore,High School,Self-employed,12.0,938000.0,44800.0,6.0,32.9,Yes
C0154,44.0,Male,Peshawar,Bachelor,Self-employed,6.0,1432000.0,33900.0,10.0,20.1,Yes
C0332,46.0,Male,Multan,Master,Self-employed,27.0,1084000.0,35500.0,3.0,7.8,Yes
C0193,47.0,Female,Lahore,Bachelor,Self-employed,29.0,1090000.0,29700.0,3.0,28.8,Yes
C0400,38.0,Female,Lahore,Bachelor,Employed,2.0,733000.0,41300.0,3.0,15.6,Yes
C0105,62.0,Female,Karachi,Bachelor,Employed,15.0,794000.0,35000.0,6.0,7.2,Yes
C0032,42.0,Female,Islamabad,Bachelor,Student,7.0,443000.0,37900.0,1.0,26.9,No
C0276,49.0,Male,Islamabad,High School,Employed,24.0,634000.0,34000.0,7.0,25.1,Yes
C0224,69.0,Female,Multan,High School,Employed,8.0,597000.0,19800.0,6.0,26.4,Yes
C0335,35.0,Male,Islamabad,Bachelor,Student,10.0,681000.0,45200.0,2.0,11.4,No
C0077,46.0,Female,Peshawar,PhD,Employed,1.0,722000.0,44500.0,1.0,23.4,No
C0181,39.0,Female,Peshawar,Master,Student,21.0,1072000.0,34700.0,2.0,9.9,Yes
C0142,52.0,Male,Multan,High School,Unemployed,8.0,947000.0,5000.0,6.0,42.5,No
C0006,25.0,Female,Lahore,High School,Employed,27.0,941000.0,34600.0,4.0,15.7,Yes
C0046,24.0,Male,Peshawar,PhD,Employed,7.0,740000.0,42700.0,4.0,14.2,Yes
C0091,57.0,Male,Multan,Bachelor,Student,29.0,657000.0,42100.0,7.0,3.5,Yes
C0249,49.0,Male,Multan,Bachelor,Employed,5.0,287000.0,11000.0,1.0,15.2,No
C0338,33.0,Female,Karachi,Bachelor,Unemployed,21.0,608000.0,41900.0,7.0,8.8,No
C0391,41.0,Female,Multan,High School,Employed,4.0,710000.0,12200.0,9.0,21.4,Yes
C0354,29.0,Female,Peshawar,Master,Self-employed,,739000.0,42800.0,1.0,9.1,No
C0234,,Male,Lahore,Bachelor,Self-employed,21.0,454000.0,66300.0,6.0,23.3,Yes
C0004,32.0,Male,Islamabad,Master,Employed,17.0,991000.0,29500.0,9.0,13.1,Yes
C0019,39.0,Male,Peshawar,Master,Employed,16.0,844000.0,34200.0,2.0,26.6,Yes
C0132,50.0,Female,Lahore,High School,Student,16.0,573000.0,38000.0,1.0,21.0,Yes
C0119,52.0,Male,Karachi,High School,Self-employed,13.0,1245000.0,47800.0,5.0,27.5,Yes
C0327,52.0,Female,Karachi,Master,Employed,17.0,523000.0,27400.0,8.0,10.3,Yes
C0064,25.0,Male,Multan,Master,Employed,21.0,564000.0,38200.0,10.0,22.3,Yes
C0251,28.0,Male,Islamabad,PhD,Employed,,802000.0,,8.0,13.7,Yes
C0212,68.0,Female,Karachi,Master,Self-employed,2.0,301000.0,38500.0,8.0,24.4,No
C0381,,Female,Karachi,Bachelor,Employed,13.0,528000.0,41900.0,2.0,16.3,No
C0094,62.0,Male,Multan,High School,Student,9.0,,76400.0,9.0,23.5,No
C0375,65.0,Female,Islamabad,Bachelor,Employed,12.0,614000.0,47600.0,,15.8,No
C0109,,Female,Lahore,Bachelor,Employed,9.0,1024000.0,47400.0,6.0,16.3,No
C0395,70.0,Male,Peshawar,Master,Student,3.0,926000.0,42500.0,6.0,17.5,No
C0223,66.0,Male,Peshawar,Master,Employed,1.0,776000.0,58700.0,7.0,15.8,No
C0182,45.0,Female,Karachi,High School,Unemployed,10.0,1035000.0,31100.0,6.0,11.9,No
C0247,,Male,Multan,Bachelor,Employed,30.0,946000.0,28600.0,4.0,18.5,Yes
C0377,21.0,Male,Islamabad,Bachelor,Unemployed,20.0,800000.0,26600.0,3.0,24.8,No
C0337,52.0,Male,Karachi,Bachelor,Employed,27.0,345000.0,45000.0,5.0,14.3,Yes
C0219,41.0,Female,Peshawar,PhD,Employed,13.0,1342000.0,18300.0,10.0,1.0,Yes
C0076,21.0,Male,Peshawar,Master,Self-employed,8.0,624000.0,-5000.0,1.0,27.3,No
C0111,18.0,Male,Lahore,PhD,Employed,16.0,908000.0,25100.0,4.0,6.2,Yes
C0114,41.0,Female,Multan,Bachelor,Employed,22.0,761000.0,,,22.4,No
C0017,41.0,Female,Multan,Bachelor,Employed,16.0,1298000.0,50800.0,7.0,8.8,No
C0067,31.0,Female,Lahore,Master,Student,5.0,,44900.0,6.0,10.4,No
C0221,69.0,Female,Islamabad,Master,Employed,26.0,873000.0,42500.0,4.0,14.6,Yes
C0008,56.0,Male,Peshawar,Bachelor,Employed,20.0,1218000.0,34200.0,2.0,25.7,No
C0020,70.0,Male,Islamabad,High School,Employed,27.0,626000.0,39300.0,7.0,30.2,Yes
C0177,30.0,Female,Multan,Bachelor,Employed,22.0,1063000.0,5000.0,1.0,4.4,No
C0358,63.0,Male,Islamabad,Bachelor,Student,4.0,761000.0,12500.0,10.0,22.8,Yes
C0352,50.0,Male,Lahore,Bachelor,Self-employed,27.0,817000.0,22900.0,1.0,23.6,No
C0298,65.0,Male,Islamabad,High School,Employed,17.0,788000.0,45300.0,5.0,15.6,No
C0297,43.0,Female,Multan,Bachelor,Student,29.0,840000.0,28900.0,2.0,5.6,Yes
C0295,24.0,Male,Multan,Master,Student,23.0,507000.0,35200.0,8.0,27.6,No
C0390,54.0,Female,Karachi,Master,Employed,9.0,999000.0,33900.0,4.0,12.6,No
C0300,66.0,Male,Multan,PhD,Employed,30.0,285000.0,43800.0,2.0,10.9,No
C0061,64.0,Male,Karachi,High School,Employed,-3.0,656000.0,23100.0,9.0,5.8,Yes
C0080,61.0,Male,Islamabad,Bachelor,Self-employed,2.0,419000.0,39200.0,10.0,23.2,No
C0288,42.0,Male,Peshawar,High School,Student,15.0,856000.0,50100.0,9.0,19.8,Yes
C0226,,Male,Lahore,Bachelor,Employed,12.0,797000.0,16100.0,4.0,2.3,No
C0259,39.0,Female,Karachi,Master,Employed,9.0,1420000.0,62100.0,9.0,12.5,No
C0159,59.0,Male,Multan,Master,Employed,21.0,955000.0,40600.0,9.0,16.7,Yes
C0110,41.0,Female,Lahore,High School,Self-employed,14.0,948000.0,,9.0,22.5,No
C0018,20.0,Female,Multan,High School,Student,,,38300.0,,18.5,No
C0235,19.0,Female,Peshawar,High School,Employed,11.0,666000.0,10900.0,6.0,1.2,Yes
C0025,55.0,Female,Peshawar,Master,Employed,4.0,870000.0,32000.0,8.0,20.8,Yes
C0324,55.0,Female,Karachi,Master,Employed,16.0,351000.0,52900.0,3.0,27.2,No
C0149,18.0,Male,Multan,High School,Employed,29.0,1026000.0,39900.0,4.0,4.1,Yes
C0248,23.0,Male,Lahore,Bachelor,Self-employed,22.0,1252000.0,43800.0,5.0,21.6,No
C0158,43.0,Female,Islamabad,High School,Employed,21.0,904000.0,47300.0,9.0,15.3,No
C0166,49.0,Female,Karachi,Bachelor,Employed,17.0,1420000.0,44600.0,5.0,17.0,Yes
C0254,41.0,Male,Islamabad,High School,Employed,3.0,624000.0,25100.0,9.0,11.2,No
C0380,34.0,Female,Islamabad,Bachelor,Employed,2.0,1074000.0,46700.0,8.0,24.5,No
C0120,52.0,Male,Peshawar,High School,Employed,27.0,815000.0,32900.0,6.0,27.4,No
C0197,56.0,Male,Lahore,Bachelor,Employed,24.0,1135000.0,16400.0,6.0,8.7,Yes
C0220,58.0,Other,Islamabad,PhD,Employed,6.0,1073000.0,38700.0,9.0,6.2,No
C0287,45.0,Male,Islamabad,High School,Unemployed,4.0,820000.0,7000.0,6.0,37.3,Yes
C0153,56.0,Male,Islamabad,Master,Employed,13.0,888000.0,50600.0,9.0,25.5,No
C0336,19.0,Female,Peshawar,Master,Employed,24.0,787000.0,17800.0,1.0,8.0,Yes
C0037,33.0,Other,Islamabad,Master,Employed,12.0,630000.0,23400.0,8.0,13.0,No
C0140,39.0,Female,Multan,Master,Student,16.0,843000.0,44000.0,10.0,22.0,Yes
C0382,45.0,Female,Multan,Bachelor,Employed,25.0,922000.0,,3.0,24.9,No
C0378,52.0,Male,Multan,Master,Student,18.0,708000.0,18500.0,5.0,28.0,No
C0199,18.0,Female,Lahore,Master,Employed,14.0,819000.0,37500.0,7.0,6.6,Yes
C0228,20.0,Male,Islamabad,Master,Employed,19.0,1015000.0,42000.0,7.0,20.8,No
C0060,45.0,Female,Multan,Master,Self-employed,25.0,1262000.0,32800.0,9.0,23.6,Yes
C0112,61.0,Female,Lahore,High School,Employed,7.0,744000.0,30400.0,2.0,19.1,No
C0356,39.0,Female,Karachi,PhD,Employed,25.0,1330000.0,,3.0,5.6,Yes
C0176,53.0,Female,Peshawar,Bachelor,Student,18.0,,20100.0,10.0,16.2,Yes
C0007,38.0,Female,Multan,Master,Self-employed,7.0,1080000.0,,7.0,28.3,No
C0291,48.0,Male,Multan,Bachelor,Employed,19.0,1136000.0,5400.0,4.0,12.8,Yes
C0278,69.0,Male,Multan,Bachelor,Unemployed,19.0,554000.0,31300.0,9.0,16.4,No
C0151,43.0,Female,Islamabad,Bachelor,Student,13.0,1111000.0,44300.0,9.0,11.5,Yes
C0011,28.0,Mle,Islamabad,High School,Unemployed,22.0,587000.0,,3.0,20.1,Yes
C0195,45.0,Female,Islamabad,Bachelor,Student,11.0,8500000.0,36500.0,1.0,19.9,Yes
C0104,32.0,Female,Lahore,High School,Employed,30.0,978000.0,51800.0,3.0,14.1,No
C0082,27.0,Male,Karachi,Bachelor,Self-employed,3.0,650000.0,15400.0,9.0,19.0,No
C0209,26.0,Female,Karachi,Bachelor,Self-employed,0.0,150000.0,32400.0,10.0,27.0,Yes
C0363,68.0,Female,Multan,Bachelor,Student,17.0,818000.0,64900.0,8.0,11.3,No
C0379,66.0,Male,Peshawar,Master,Unemployed,9.0,256000.0,41600.0,9.0,33.3,No
C0211,50.0,Female,Karachi,Bachelor,Employed,7.0,654000.0,35300.0,10.0,14.7,Yes
C0292,47.0,Female,Karachi,Bachelor,Student,3.0,,800000.0,7.0,18.0,No
C0384,46.0,Female,Islamabad,High School,Student,4.0,574000.0,45000.0,8.0,22.1,No
C0168,47.0,Male,Karachi,Master,Employed,28.0,558000.0,44000.0,4.0,14.1,Yes
C0090,40.0,Female,Lahore,High School,Employed,22.0,596000.0,20400.0,7.0,13.2,Yes
C0194,28.0,Male,Lahore,PhD,Employed,,365000.0,26400.0,10.0,20.3,Yes
C0164,66.0,Male,Islamabad,Bachelor,Employed,28.0,778000.0,59600.0,7.0,18.6,Yes
C0148,20.0,Female,Peshawar,Bachelor,Employed,,772000.0,56800.0,3.0,24.1,Yes
C0355,68.0,Male,Multan,High School,Employed,8.0,772000.0,41300.0,9.0,4.3,Yes
C0093,33.0,Female,Islamabad,Bachelor,Self-employed,17.0,750000.0,50900.0,4.0,8.4,Yes
C0070,67.0,Male,Lahore,High School,Student,27.0,,23600.0,9.0,17.5,No
C0124,56.0,Female,Islamabad,PhD,Employed,21.0,843000.0,26300.0,6.0,7.8,Yes
C0097,70.0,Male,Islamabad,PhD,Employed,11.0,1469000.0,34600.0,3.0,26.6,Yes
C0144,52.0,Female,Multan,PhD,Unemployed,17.0,1206000.0,16700.0,10.0,15.5,Yes
C0306,54.0,Female,Peshawar,High School,Student,13.0,,15000.0,,13.1,No
C0098,41.0,Male,Islamabad,Bachelor,Self-employed,26.0,530000.0,8500.0,4.0,34.2,No
C0233,66.0,Female,Lahore,Bachelor,Student,25.0,627000.0,22500.0,1.0,8.1,No
C0069,53.0,Male,Lahore,High School,Self-employed,15.0,762000.0,10900.0,5.0,14.3,Yes
C0024,47.0,Male,Multan,Bachelor,Employed,18.0,766000.0,36300.0,4.0,17.1,No
C0038,32.0,Female,Multan,Master,Unemployed,18.0,607000.0,41100.0,1.0,9.9,No
C0145,54.0,Female,Multan,Master,Employed,20.0,711000.0,27400.0,2.0,4.8,No
C0123,59.0,Male,Peshawar,High School,Employed,17.0,1239000.0,39000.0,8.0,18.0,Yes
C0203,58.0,Male,Multan,PhD,Employed,15.0,572000.0,31700.0,5.0,2.9,Yes
C0183,19.0,Female,Lahore,Master,Employed,,569000.0,35300.0,3.0,14.9,Yes
C0068,34.0,Male,Multan,Bachelor,Employed,14.0,774000.0,49100.0,10.0,29.5,No
C0398,50.0,Female,Peshawar,Master,Employed,6.0,879000.0,600000.0,3.0,16.8,Yes
C0351,34.0,Male,Multan,Bachelor,Student,13.0,,,5.0,22.5,Yes
C0328,65.0,Female,Islamabad,Master,Employed,30.0,727000.0,33800.0,10.0,10.2,No
C0362,62.0,Female,Peshawar,High School,Employed,9.0,961000.0,38800.0,8.0,14.1,Yes
C0229,66.0,Male,Karachi,Bachelor,Employed,3.0,863000.0,49800.0,3.0,20.1,No
C0126,45.0,Female,Multan,Master,Employed,29.0,699000.0,33000.0,2.0,26.6,Yes
C0147,31.0,Female,Peshawar,Bachelor,Employed,29.0,935000.0,,2.0,19.2,Yes
C0238,54.0,Male,Peshawar,High School,Self-employed,13.0,642000.0,35100.0,1.0,21.2,No
C0087,120.0,Male,Peshawar,Bachelor,Unemployed,8.0,870000.0,38100.0,6.0,17.2,No
C0339,,Male,Multan,Bachelor,Employed,12.0,1139000.0,9100.0,8.0,9.2,No
C0322,25.0,Male,Peshawar,Master,Employed,29.0,325000.0,18900.0,1.0,6.3,No
C0347,37.0,Female,Peshawar,PhD,Self-employed,26.0,708000.0,26000.0,7.0,24.6,No
C0204,20.0,Male,Karachi,Bachelor,Employed,7.0,922000.0,,9.0,14.8,No
C0262,33.0,Female,Lahore,High School,Unemployed,2.0,396000.0,15600.0,5.0,22.3,No
C0305,22.0,Female,Multan,Bachelor,Self-employed,30.0,1230000.0,21500.0,10.0,29.4,Yes
C0184,59.0,Male,Islamabad,High School,Employed,28.0,1176000.0,43200.0,4.0,13.4,No
C0343,50.0,Male,Islamabad,High School,Employed,3.0,842000.0,28000.0,5.0,4.8,Yes
C0286,28.0,Male,Islamabad,Bachelor,Employed,23.0,1273000.0,26000.0,9.0,9.1,Yes
C0303,65.0,Male,Karachi,Bachelor,Employed,18.0,898000.0,,1.0,27.8,Yes
C0285,,Female,Karachi,Bachelor,Unemployed,2.0,523000.0,56300.0,3.0,13.2,No
C0130,29.0,Female,Multan,Master,Employed,18.0,740000.0,53500.0,4.0,9.8,No
C0039,64.0,Female,Peshawar,High School,Employed,23.0,910000.0,20400.0,2.0,11.9,Yes
C0012,28.0,Male,Islamabad,Master,Employed,1.0,602000.0,,9.0,30.1,No
C0273,20.0,Female,Multan,Master,Employed,13.0,6500000.0,,6.0,12.8,No
C0186,70.0,Male,Lahore,Master,Employed,23.0,1092000.0,51700.0,3.0,8.9,Yes
C0239,49.0,Male,Peshawar,High School,Unemployed,24.0,428000.0,32100.0,10.0,7.7,Yes
C0113,25.0,Female,Karachi,Master,Employed,17.0,952000.0,14800.0,4.0,26.9,Yes
C0180,68.0,Female,Lahore,Master,Employed,12.0,772000.0,46800.0,10.0,26.4,Yes
C0272,43.0,Female,Karachi,Bachelor,Self-employed,5.0,1119000.0,28200.0,9.0,17.8,No
C0263,50.0,Female,Multan,Master,Employed,25.0,309000.0,20700.0,4.0,20.4,No
C0118,25.0,Male,Islamabad,High School,Self-employed,26.0,1192000.0,37900.0,10.0,12.8,No
C0372,64.0,Female,Karachi,High School,Employed,5.0,1000000.0,42500.0,7.0,16.1,No
C0319,69.0,Female,Islamabad,High School,Employed,15.0,810000.0,41600.0,8.0,22.0,Yes
C0388,52.0,Female,Islamabad,High School,Employed,16.0,1438000.0,47700.0,8.0,17.2,Yes
C0290,40.0,Male,Multan,Bachelor,Unemployed,22.0,920000.0,,7.0,25.1,No
C0366,44.0,Male,Karachi,Master,Employed,10.0,512000.0,32300.0,6.0,31.7,No
C0165,69.0,Male,Peshawar,Bachelor,Self-employed,12.0,1052000.0,21500.0,1.0,27.5,No
C0256,69.0,Male,Karachi,High School,Student,28.0,,35300.0,10.0,21.7,Yes
C0137,52.0,Male,Islamabad,Bachelor,Employed,29.0,1149000.0,32900.0,10.0,22.2,No
C0155,26.0,Male,Peshawar,High School,Self-employed,22.0,550000.0,45100.0,3.0,20.7,No
C0200,44.0,Male,Karachi,High School,Self-employed,7.0,799000.0,,1.0,24.3,Yes
C0198,50.0,Female,Multan,Bachelor,Employed,4.0,1363000.0,13000.0,9.0,18.1,No
C0396,48.0,Male,Islamabad,Bachelor,Unemployed,29.0,990000.0,35700.0,4.0,21.6,No
C0003,46.0,Female,Peshawar,Bachelor,Employed,9.0,669000.0,44300.0,10.0,16.5,No
C0205,56.0,Male,Lahore,Bachelor,Self-employed,0.0,1143000.0,11000.0,2.0,8.5,Yes
C0116,68.0,Female,Islamabad,Bachelor,Employed,24.0,1245000.0,48100.0,10.0,30.8,No
C0269,37.0,Male,Peshawar,High School,Employed,6.0,705000.0,16200.0,1.0,12.3,Yes
C0240,50.0,Male,Multan,Bachelor,Self-employed,1.0,825000.0,29600.0,5.0,20.3,No
C0027,38.0,Male,Peshawar,Master,Self-employed,0.0,381000.0,32100.0,1.0,22.3,Yes
C0121,50.0,Male,Multan,Master,Employed,25.0,213000.0,40900.0,3.0,22.5,Yes
C0385,63.0,Male,Islamabad,Bachelor,Employed,28.0,150000.0,18600.0,6.0,19.4,Yes
C0225,29.0,Female,Lahore,High School,Employed,15.0,1501000.0,22800.0,8.0,13.8,No
C0246,43.0,Male,Islamabad,Master,Unemployed,18.0,624000.0,31000.0,3.0,16.5,No
C0330,,Male,Lahore,Master,Employed,16.0,786000.0,27700.0,,26.3,Yes
C0318,41.0,Female,Peshawar,High School,Employed,18.0,928000.0,38000.0,6.0,8.4,Yes
C0201,69.0,Female,Peshawar,Master,Self-employed,9.0,871000.0,37600.0,,11.2,Yes
C0128,26.0,Male,Lahore,High School,Employed,20.0,1014000.0,48900.0,1.0,24.9,Yes
C0075,59.0,Female,Multan,Master,Student,24.0,,31000.0,9.0,8.1,No
C0325,57.0,Female,Islamabad,High School,Employed,22.0,1160000.0,8300.0,3.0,20.7,Yes
C0030,39.0,Female,Peshawar,Master,Student,7.0,474000.0,5000.0,1.0,20.5,No
C0084,31.0,Male,Islamabad,PhD,Self-employed,3.0,1174000.0,37800.0,2.0,11.5,No
C0333,35.0,Male,Lahore,High School,Employed,26.0,1243000.0,18700.0,6.0,17.1,No
C0108,24.0,Female,Lahore,Bachelor,Employed,10.0,1627000.0,37300.0,1.0,19.3,No
C0317,50.0,Male,Multan,Master,Employed,3.0,937000.0,5000.0,3.0,12.4,No
C0299,69.0,Female,Peshawar,High School,Employed,18.0,811000.0,36600.0,6.0,20.0,No
C0134,40.0,Male,Karachi,High School,Self-employed,20.0,753000.0,30300.0,4.0,32.6,Yes
C0245,61.0,Male,Islamabad,Bachelor,Self-employed,15.0,757000.0,13600.0,3.0,21.0,Yes
C0185,62.0,Male,Multan,Bachelor,Student,0.0,,17300.0,8.0,29.0,Yes
C0293,59.0,Female,Karachi,Bachelor,Employed,23.0,666000.0,16800.0,1.0,18.5,Yes
C0045,68.0,Female,Lahore,Master,Employed,20.0,903000.0,45900.0,7.0,19.8,Yes
C0371,45.0,Female,Peshawar,PhD,Student,12.0,1041000.0,38500.0,9.0,8.3,No
C0066,52.0,Male,Peshawar,Bachelor,Employed,9.0,1337000.0,22700.0,,24.1,Yes
C0086,65.0,Other,Lahore,Bachelor,Self-employed,8.0,1234000.0,53600.0,10.0,20.5,Yes
C0243,,Female,Multan,PhD,Employed,19.0,875000.0,5000.0,3.0,21.5,No
C0187,23.0,Female,Islamabad,High School,Student,2.0,960000.0,,10.0,15.0,Yes
C0160,30.0,Female,Peshawar,Bachelor,Self-employed,10.0,997000.0,21500.0,10.0,19.7,No
C0013,41.0,Male,Multan,Master,Employed,7.0,782000.0,26100.0,5.0,29.2,Yes
C0036,,Male,Karachi,High School,Employed,0.0,1199000.0,49200.0,6.0,25.5,No
C0029,29.0,Male,Islamabad,Bachelor,Student,,,43900.0,5.0,24.3,No
C0171,56.0,Male,Peshawar,Master,Employed,19.0,198000.0,35600.0,5.0,12.7,No
C0143,18.0,Female,Peshawar,Master,Employed,,496000.0,26700.0,1.0,9.2,Yes
C0321,66.0,Female,Karachi,Bachelor,Unemployed,3.0,1088000.0,53500.0,9.0,23.6,Yes
C0275,37.0,Male,Lahore,High School,Employed,27.0,204000.0,28400.0,3.0,17.4,Yes
C0222,66.0,Male,Lahore,High School,Student,26.0,,,6.0,26.3,Yes
C0096,64.0,Female,Multan,High School,Employed,3.0,977000.0,27400.0,4.0,23.0,No
C0052,42.0,Female,Islamabad,Master,Student,19.0,1121000.0,,7.0,9.2,Yes
C0241,18.0,Male,Lahore,Bachelor,Self-employed,20.0,399000.0,32300.0,2.0,10.7,No
C0312,65.0,Female,Peshawar,High School,Student,29.0,1126000.0,34800.0,9.0,18.9,No
C0389,58.0,Male,Islamabad,Master,Student,20.0,481000.0,30600.0,4.0,19.2,No
C0179,24.0,Other,Karachi,High School,Self-employed,11.0,1004000.0,71200.0,7.0,13.1,No
C0042,69.0,Male,Peshawar,High School,Unemployed,16.0,869000.0,47900.0,6.0,16.7,No
C0313,33.0,Other,Multan,Bachelor,Employed,25.0,1150000.0,16200.0,10.0,12.9,No
C0207,25.0,Female,Peshawar,High School,Unemployed,4.0,907000.0,33500.0,5.0,22.3,No
C0255,22.0,Male,Karachi,High School,Self-employed,14.0,754000.0,41400.0,5.0,21.2,Yes
C0334,63.0,Female,Lahore,Master,Employed,14.0,1269000.0,18700.0,1.0,11.6,No
C0005,,Male,Karachi,High School,Unemployed,25.0,550000.0,,4.0,32.1,No
C0257,51.0,Female,Peshawar,Bachelor,Unemployed,3.0,1173000.0,25400.0,4.0,22.2,No
C0361,55.0,Female,Karachi,High School,Employed,28.0,1202000.0,29200.0,9.0,14.0,No
C0101,62.0,Female,Lahore,High School,Student,21.0,826000.0,27100.0,5.0,31.1,Yes
C0227,,Female,Multan,Bachelor,Employed,8.0,887000.0,31500.0,1.0,14.1,No
C0383,47.0,Male,Multan,Master,Employed,18.0,1472000.0,34900.0,2.0,21.7,No
C0214,61.0,Male,Karachi,Bachelor,Unemployed,1.0,1262000.0,25800.0,2.0,19.1,No
C0172,62.0,Female,Islamabad,Master,Self-employed,26.0,1104000.0,20000.0,2.0,16.6,Yes
C0099,43.0,Female,Karachi,Bachelor,Student,7.0,857000.0,24600.0,3.0,25.7,Yes
C0216,32.0,Male,Lahore,Bachelor,Employed,24.0,1136000.0,30200.0,2.0,14.0,Yes
C0062,24.0,Male,Peshawar,Bachelor,Self-employed,4.0,610000.0,,8.0,22.9,Yes
C0048,26.0,Male,Peshawar,Bachelor,Unemployed,,876000.0,41500.0,4.0,14.6,Yes
C0033,66.0,Male,Lahore,High School,Employed,24.0,990000.0,34700.0,5.0,17.3,Yes
C0268,20.0,Other,Karachi,Bachelor,Student,,,35000.0,7.0,8.5,No
C0201,69.0,Female,Peshawar,Master,Self-employed,9.0,871000.0,37600.0,,11.2,Yes
C0359,47.0,Male,Lahore,High School,Employed,24.0,1059000.0,50800.0,9.0,9.2,Yes
C0028,50.0,Male,Peshawar,Bachelor,Employed,22.0,691000.0,52000.0,5.0,29.5,No
C0315,37.0,Female,Lahore,Bachelor,Employed,20.0,1268000.0,48300.0,7.0,30.3,No
C0231,66.0,Male,Karachi,Bachelor,Employed,9.0,663000.0,,2.0,15.2,Yes
C0261,65.0,Male,Peshawar,PhD,Unemployed,21.0,637000.0,45800.0,7.0,15.1,No
C0289,67.0,Male,Peshawar,Bachelor,Employed,25.0,1062000.0,24700.0,5.0,18.2,Yes
C0163,56.0,Female,Karachi,Master,Self-employed,27.0,973000.0,17200.0,8.0,20.3,No
C0342,21.0,Female,Multan,High School,Employed,,672000.0,20300.0,7.0,21.9,No
C0139,,Female,Lahore,High School,Self-employed,6.0,971000.0,35000.0,9.0,24.8,Yes
C0063,61.0,Male,Karachi,Bachelor,Unemployed,29.0,705000.0,6600.0,10.0,26.4,No
C0136,54.0,Female,Multan,Bachelor,Employed,25.0,9000000.0,53100.0,1.0,21.8,No
C0129,25.0,Female,Multan,Bachelor,Self-employed,11.0,778000.0,49500.0,1.0,21.2,Yes
C0009,36.0,Male,Karachi,Bachelor,Student,27.0,820000.0,8400.0,8.0,16.3,No
C0065,64.0,Female,Karachi,Bachelor,Self-employed,7.0,887000.0,35000.0,1.0,23.7,Yes
C0301,19.0,Female,Peshawar,High School,Employed,27.0,685000.0,,6.0,11.5,No
C0015,53.0,Female,Lahore,Bachelor,Employed,21.0,1124000.0,5000.0,7.0,24.0,Yes
C0157,32.0,Female,Islamabad,Bachelor,Employed,10.0,1004000.0,11700.0,1.0,21.4,Yes
C0041,,Male,Karachi,Master,Employed,23.0,545000.0,25600.0,15.0,24.8,Yes
C0370,50.0,Other,Multan,Bachelor,Employed,21.0,1519000.0,61900.0,6.0,5.0,Yes
C0326,37.0,Male,Lahore,Bachelor,Employed,0.0,1188000.0,39800.0,10.0,22.3,No
C0217,49.0,Female,Islamabad,High School,Self-employed,9.0,1334000.0,54200.0,2.0,31.6,Yes
C0280,50.0,Female,Multan,Bachelor,Employed,22.0,873000.0,25300.0,5.0,8.3,No
C0348,25.0,Male,Lahore,Bachelor,Employed,14.0,846000.0,56300.0,10.0,24.5,No
C0237,40.0,Female,Lahore,Bachelor,Employed,13.0,721000.0,,5.0,10.9,No
C0208,44.0,Female,Lahore,Master,Employed,2.0,1150000.0,10400.0,2.0,31.1,Yes
C0213,59.0,Male,Islamabad,High School,Self-employed,9.0,1003000.0,,4.0,27.8,No
C0296,33.0,Male,Islamabad,High School,Student,1.0,883000.0,20700.0,5.0,16.3,No
C0368,38.0,Male,Lahore,Bachelor,Employed,29.0,893000.0,48300.0,3.0,3.2,Yes
C0252,34.0,Male,Karachi,Bachelor,Employed,4.0,1051000.0,14600.0,10.0,27.6,No
C0394,63.0,Male,Peshawar,High School,Student,25.0,,43600.0,2.0,22.7,Yes
C0369,47.0,Female,Karachi,Bachelor,Employed,29.0,1370000.0,30200.0,3.0,24.2,Yes
C0304,29.0,Female,Lahore,Master,Unemployed,,542000.0,36600.0,1.0,14.1,No
C0270,53.0,Female,Lahore,High School,Student,20.0,,44100.0,1.0,15.9,No
C0202,30.0,Male,Lahore,Bachelor,Employed,25.0,1199000.0,38700.0,6.0,17.8,No
C0162,49.0,Female,Karachi,Bachelor,Employed,21.0,1183000.0,51900.0,4.0,26.0,Yes
C0044,54.0,Male,Peshawar,Bachelor,Employed,19.0,1058000.0,,2.0,18.2,No
C0218,49.0,Male,Islamabad,Master,Self-employed,20.0,1244000.0,43400.0,6.0,17.4,No
C0191,61.0,Female,Karachi,High School,Self-employed,22.0,844000.0,45100.0,8.0,2.7,No
C0310,52.0,Female,Islamabad,Bachelor,Employed,12.0,1383000.0,57700.0,4.0,9.1,Yes
C0260,28.0,Female,Islamabad,Bachelor,Employed,23.0,832000.0,32100.0,7.0,12.6,Yes
C0106,18.0,Female,Islamabad,Master,Employed,27.0,1146000.0,34900.0,10.0,13.6,No
C0054,67.0,Male,Multan,Bachelor,Employed,18.0,547000.0,450000.0,6.0,17.6,Yes
C0002,69.0,Male,Lahore,Bachelor,Self-employed,0.0,713000.0,29900.0,3.0,6.2,Yes
C0050,35.0,Male,Karachi,Master,Unemployed,3.0,150000.0,46300.0,7.0,22.8,No
C0081,51.0,Male,Lahore,Bachelor,Employed,16.0,1126000.0,55400.0,2.0,12.3,No
C0206,23.0,Male,Islamabad,Master,Employed,11.0,1000000.0,22600.0,8.0,1.0,No
C0035,59.0,Male,Islamabad,Master,Employed,10.0,365000.0,51900.0,5.0,10.1,No
C0264,26.0,Male,Islamabad,Master,Student,4.0,375000.0,42100.0,10.0,21.0,No
C0092,38.0,Male,Peshawar,Bachelor,Student,30.0,,42600.0,6.0,23.1,No
C0340,53.0,Female,Multan,Master,Self-employed,0.0,1335000.0,24800.0,10.0,20.4,Yes
C0053,31.0,Male,Peshawar,High School,Employed,14.0,150000.0,40300.0,3.0,18.8,Yes
C0346,65.0,Other,Karachi,High School,Employed,14.0,977000.0,31200.0,,15.0,No
C0265,23.0,Male,Karachi,Master,Employed,5.0,930000.0,57300.0,1.0,28.8,No
C0242,36.0,Male,Lahore,Bachelor,Student,24.0,1078000.0,55600.0,7.0,12.3,No
C0014,70.0,Male,Multan,Bachelor,Employed,26.0,960000.0,55600.0,8.0,21.3,Yes
C0316,41.0,Female,Karachi,Bachelor,Employed,30.0,775000.0,28700.0,6.0,19.1,No
C0089,200.0,Female,Islamabad,High School,Unemployed,25.0,995000.0,47100.0,10.0,27.7,No
C0274,36.0,Male,Lahore,Bachelor,Employed,3.0,583000.0,39000.0,3.0,12.1,Yes
C0167,21.0,Female,Multan,Bachelor,Unemployed,1.0,810000.0,30100.0,7.0,16.5,No
C0329,42.0,Male,Lahore,Master,Self-employed,19.0,518000.0,40200.0,1.0,25.9,No
C0397,52.0,Male,Islamabad,High School,Student,6.0,1176000.0,35100.0,10.0,14.6,No
C0135,41.0,Other,Karachi,High School,Unemployed,2.0,1215000.0,44200.0,,25.6,Yes
C0307,49.0,Male,Islamabad,Bachelor,Employed,18.0,1141000.0,32200.0,10.0,20.6,Yes
C0387,23.0,Male,Lahore,Master,Employed,19.0,1180000.0,45400.0,9.0,9.8,Yes
C0320,28.0,Male,Peshawar,High School,Employed,12.0,1093000.0,41100.0,8.0,19.6,Yes
C0244,70.0,Male,Islamabad,High School,Employed,10.0,413000.0,58000.0,4.0,14.6,No
C0055,26.0,Other,Islamabad,High School,Employed,6.0,1036000.0,34600.0,8.0,6.6,Yes
C0364,25.0,Male,Lahore,Bachelor,Student,2.0,984000.0,81600.0,1.0,2.9,No
C0051,21.0,Male,Multan,Bachelor,Self-employed,10.0,981000.0,52800.0,7.0,25.4,No
C0175,46.0,Male,Peshawar,Bachelor,Student,14.0,950000.0,31600.0,3.0,4.2,No
C0190,61.0,Male,Multan,Bachelor,Employed,18.0,745000.0,35300.0,7.0,15.0,No
C0101,62.0,Female,Lahore,High School,Student,21.0,826000.0,27100.0,5.0,31.1,Yes
C0188,45.0,Male,Lahore,Master,Employed,30.0,1401000.0,45800.0,6.0,20.7,No
C0170,40.0,Female,Lahore,Bachelor,Self-employed,14.0,814000.0,32600.0,9.0,20.5,No
C0059,37.0,Male,Karachi,Bachelor,Employed,10.0,795000.0,24900.0,10.0,9.9,Yes
C0049,56.0,Female,Lahore,Master,Employed,13.0,528000.0,47000.0,6.0,26.9,No
C0345,38.0,Female,Multan,Master,Employed,15.0,607000.0,46800.0,1.0,34.6,Yes
C0236,45.0,Female,Lahore,Master,Employed,16.0,839000.0,37800.0,5.0,24.9,Yes
C0253,55.0,Female,Lahore,Master,Student,25.0,,37800.0,7.0,18.9,Yes
C0022,41.0,Female,Islamabad,Bachelor,Self-employed,23.0,1115000.0,300000.0,3.0,22.2,No
C0314,20.0,Female,Multan,High School,Employed,5.0,7000000.0,40500.0,7.0,16.7,No
C0161,68.0,Female,Islamabad,Bachelor,Employed,24.0,1040000.0,22000.0,2.0,10.8,No
C0277,24.0,Male,Islamabad,Bachelor,Employed,,787000.0,66500.0,6.0,30.7,No
C0192,37.0,Female,Peshawar,Bachelor,Employed,28.0,759000.0,43900.0,8.0,16.8,No
C0294,52.0,Male,Lahore,Master,Student,29.0,,46000.0,7.0,13.9,Yes
C0344,31.0,Female,Karachi,High School,Employed,19.0,934000.0,41900.0,10.0,18.1,Yes
C0258,23.0,Male,Lahore,Bachelor,Employed,,856000.0,42300.0,8.0,10.2,No
C0309,58.0,Female,Karachi,High School,Unemployed,23.0,656000.0,33100.0,3.0,24.0,No
C0150,22.0,Male,Karachi,Bachelor,Employed,7.0,708000.0,39500.0,5.0,26.9,No
C0131,51.0,Male,Islamabad,Bachelor,Self-employed,13.0,732000.0,36300.0,7.0,8.4,No
C0152,31.0,Female,Islamabad,Bachelor,Employed,7.0,446000.0,17900.0,4.0,16.8,Yes
C0360,55.0,Male,Islamabad,Bachelor,Employed,19.0,750000.0,20000.0,6.0,25.4,Yes
C0100,42.0,Female,Peshawar,Bachelor,Student,1.0,,28900.0,,20.6,Yes
C0373,50.0,Male,Karachi,Master,Employed,16.0,310000.0,45000.0,3.0,19.0,Yes
C0088,25.0,Male,Multan,Master,Employed,24.0,1106000.0,27600.0,6.0,14.0,No
C0331,42.0,Female,Karachi,Bachelor,Self-employed,26.0,758000.0,24900.0,2.0,9.3,Yes
C0215,41.0,Male,Islamabad,Bachelor,Employed,10.0,809000.0,29400.0,5.0,8.5,No
C0122,22.0,Female,Lahore,Bachelor,Student,24.0,668000.0,33500.0,5.0,16.7,No
C0301,19.0,Female,Peshawar,High School,Employed,27.0,685000.0,,6.0,11.5,No
C0021,19.0,Male,Lahore,PhD,Self-employed,22.0,150000.0,42800.0,3.0,12.2,No
C0189,45.0,Female,Multan,Master,Self-employed,21.0,783000.0,41600.0,1.0,25.0,Yes
C0072,,Female,Islamabad,High School,Self-employed,30.0,827000.0,20900.0,2.0,21.9,No
C0107,42.0,Female,Multan,Master,Employed,1.0,1206000.0,,9.0,23.6,Yes
C0271,36.0,Male,Peshawar,Master,Student,9.0,1334000.0,48200.0,5.0,24.6,Yes
C0349,24.0,Female,Karachi,High School,Employed,5.0,1014000.0,61100.0,1.0,24.9,No
C0103,46.0,Female,Karachi,Master,Student,20.0,531000.0,22700.0,6.0,32.2,No
